{
  "mae": 1.1823974739857603,
  "rmse": 1.3628744114032785,
  "mape_pct": 3.4021617323840494,
  "r2": -0.029361383207818337,
  "sample_count": 994,
  "backend": "dynamic_inverse_rmse_weighted_ensemble[lstm:0.20, random_forest:0.17, linear_baseline:0.17, linear_regression:0.17, gradient_boosting:0.17, naive_persistence:0.12]"
}