{
  "mae": 1.182130625550176,
  "rmse": 1.3639156950446243,
  "mape_pct": 3.400222043442094,
  "r2": -0.03093492018018895,
  "sample_count": 994,
  "backend": "dynamic_inverse_rmse_weighted_ensemble[lstm:0.20, random_forest:0.17, linear_baseline:0.17, linear_regression:0.17, gradient_boosting:0.17, naive_persistence:0.12]"
}