{
  "mae": 0.08283424377441406,
  "rmse": 0.10712105970222253,
  "mape_pct": 0.30113589228700605,
  "r2": 0.9985390406623588,
  "sample_count": 8,
  "backend": "class_adaptive_constrained_weighted_ensemble[linear_regression:0.39, gradient_boosting:0.27, random_forest:0.13, knn_regressor:0.11, svr_rbf:0.07, gru:0.01]"
}