{
  "mae": 3.075599670410156e-05,
  "rmse": 3.895499852275868e-05,
  "mape_pct": 0.00010975401001338554,
  "r2": 0.9999999998067965,
  "sample_count": 8,
  "backend": "dynamic_inverse_rmse_weighted_ensemble[linear_regression:0.99, gradient_boosting:0.01, random_forest:0.00, linear_baseline:0.00, naive_persistence:0.00, lstm:0.00]"
}