{
  "mae": 0.11319851875305176,
  "rmse": 0.13931133850357086,
  "mape_pct": 0.3942453166834358,
  "r2": 0.997529064904801,
  "sample_count": 8,
  "backend": "balanced_inverse_rmse_weighted_ensemble[linear_regression:0.36, gradient_boosting:0.24, random_forest:0.12, knn_regressor:0.10, gru:0.09, svr_rbf:0.09]"
}