rank,model,mae,rmse,r2
1,linear_regression,0.0,0.0,1.0
2,gradient_boosting,0.0004744529724121094,0.0007786883652646303,0.9999999228002704
3,hybrid_coordinated,0.11319851875305176,0.13931133850357086,0.997529064904801
4,svr_rbf,0.2513277530670166,0.27553503319935413,0.9903341053142961
5,random_forest,0.21190476417541504,0.2856566343049578,0.9896109212633852
6,knn_regressor,0.2602686882019043,0.31637510306674604,0.9872563742961418
7,gru,0.7042851448059082,0.9611738930648671,0.882376976077333
