{
  "mae": 0.09980940818786621,
  "rmse": 0.13348863580706363,
  "mape_pct": 0.3641312678784424,
  "r2": 0.9977313003842082,
  "sample_count": 8,
  "backend": "class_adaptive_constrained_weighted_ensemble[linear_regression:0.39, gradient_boosting:0.27, random_forest:0.13, knn_regressor:0.11, svr_rbf:0.07, gru:0.04]"
}