{
  "mae": 0.16845202445983887,
  "rmse": 0.21283341927418337,
  "mape_pct": 0.5984022311310153,
  "r2": 0.994232759631735,
  "sample_count": 8,
  "backend": "balanced_inverse_rmse_weighted_ensemble[linear_regression:0.36, gradient_boosting:0.24, random_forest:0.12, knn_regressor:0.10, svr_rbf:0.09, gru:0.08]"
}