rank,model,mae,rmse,r2
1,linear_regression,0.0,0.0,1.0
2,gradient_boosting,0.0004744529724121094,0.0007786883652646303,0.9999999228002704
3,hybrid_coordinated,0.16845202445983887,0.21283341927418337,0.994232759631735
4,svr_rbf,0.2511327266693115,0.27544997550350586,0.9903400721187383
5,random_forest,0.21190476417541504,0.2856566343049578,0.9896109212633852
6,knn_regressor,0.26027965545654297,0.31640007845028617,0.9872543621940558
7,gru,1.6751348972320557,1.8822244240310422,0.5489432180800831
