{
  "mae": 0.1020350456237793,
  "rmse": 0.12229212396468825,
  "mape_pct": 0.34463373949476,
  "r2": 0.9980959191567838,
  "sample_count": 8,
  "backend": "class_adaptive_constrained_weighted_ensemble[linear_regression:0.38, gradient_boosting:0.26, random_forest:0.12, knn_regressor:0.10, gru:0.08, svr_rbf:0.07]"
}