{
  "mae": 0.09678769111633301,
  "rmse": 0.124160583383254,
  "mape_pct": 0.34247097957358347,
  "r2": 0.9980372910768858,
  "sample_count": 8,
  "backend": "class_adaptive_constrained_weighted_ensemble[linear_regression:0.39, gradient_boosting:0.27, random_forest:0.13, knn_regressor:0.11, svr_rbf:0.07, gru:0.03]"
}