{
  "mae": 3.0279159545898438e-05,
  "rmse": 3.859141840037977e-05,
  "mape_pct": 0.00010536721417046452,
  "r2": 0.9999999998103862,
  "sample_count": 8,
  "backend": "dynamic_inverse_rmse_weighted_ensemble[linear_regression:0.99, gradient_boosting:0.01, random_forest:0.00, linear_baseline:0.00, naive_persistence:0.00, lstm:0.00]"
}