{
  "mae": 0.6014705711687115,
  "rmse": 0.6574065781059855,
  "mape_pct": 1.3992983951155946,
  "r2": -0.027682607980006768,
  "sample_count": 994,
  "backend": "dynamic_inverse_rmse_weighted_ensemble[lstm:0.20, random_forest:0.17, linear_baseline:0.17, linear_regression:0.17, gradient_boosting:0.17, naive_persistence:0.12]"
}