{
  "mae": 0.6026110390062543,
  "rmse": 0.6614442830083774,
  "mape_pct": 1.4018758133614715,
  "r2": -0.040345158130647985,
  "sample_count": 994,
  "backend": "dynamic_inverse_rmse_weighted_ensemble[random_forest:0.21, linear_baseline:0.21, linear_regression:0.21, gradient_boosting:0.21, naive_persistence:0.15]"
}