rank,model,mae,rmse,r2
1,linear_regression,0.0,0.0,1.0
2,hybrid_coordinated,3.123283386230469e-05,3.931653848217988e-05,0.999999999803149
3,gradient_boosting,0.0005369186401367188,0.0008661733824241654,0.9999999044791559
4,random_forest,0.21473699808120728,0.2896491749395028,0.98931848206868
5,linear_baseline,0.6476624011993408,0.7792810214358014,0.922676838278117
6,naive_persistence,1.5125001072883606,1.7150073073820984,0.6255271533900415
7,lstm,2.5251259207725525,2.756170376500852,0.025402084720841878
