rank,model,mae,rmse,r2
1,random_forest,2.0199521689667628,2.329324585427877,-0.018691456501111925
2,linear_baseline,2.034489478143888,2.3349678379909586,-0.025148429715482996
3,linear_regression,2.0354019858387793,2.3359019642247567,-0.026248067055978264
4,gradient_boosting,2.03176982541919,2.3390606362671824,-0.02718768318506759
5,hybrid_coordinated,2.050947596129757,2.3555685485783546,-0.04348573653691612
6,naive_persistence,2.519786115783241,3.305173822887301,-1.061719382043573
7,lstm,,,
