rank,model,mae,rmse,r2
1,linear_regression,0.0,0.0,1.0
2,gradient_boosting,0.0004743337631225586,0.0007783532992327361,0.9999999228666832
3,hybrid_coordinated,0.09300035238265991,0.1166755813468111,0.998261677885799
4,svr_rbf,0.25123029947280884,0.27549264079095637,0.9903370797122646
5,random_forest,0.21190494298934937,0.2856568973674773,0.9896109027396615
6,knn_regressor,0.26027411222457886,0.3163876351284272,0.9872553654201339
7,gru,1.9178833365440369,2.153649049940401,0.3418468721755898
