rank,model,mae,rmse,r2
1,linear_regression,0.0,0.0,1.0
2,gradient_boosting,0.0004742145538330078,0.0007781108755735264,0.9999999229147334
3,hybrid_coordinated,0.0901784896850586,0.11474713080272356,0.9983236215166099
4,svr_rbf,0.2511327266693115,0.27544997550350586,0.9903400721187383
5,random_forest,0.21190476417541504,0.2856566343049578,0.9896109212633852
6,knn_regressor,0.26027965545654297,0.31640007845028617,0.9872543621940558
7,gru,2.385519027709961,2.6321231468485897,0.11793453919677443
