rank,model,mae,rmse,r2
1,linear_regression,0.0,0.0,1.0
2,hybrid_coordinated,3.170967102050781e-05,3.9580356539625423e-05,0.9999999998005437
3,gradient_boosting,0.0005371570587158203,0.0008668167725446593,0.999999904337215
4,random_forest,0.2147371768951416,0.28964920000120514,0.9893184795920548
5,linear_baseline,0.6576073169708252,0.7860763626889372,0.9213284181906318
6,naive_persistence,1.5125000476837158,1.715007255249814,0.625527154132552
7,lstm,2.143165349960327,2.374261465457499,0.2822957867474992
