{
  "mae": 1.3033323882811025,
  "rmse": 1.4257984744024308,
  "mape_pct": 3.761189649022117,
  "r2": -0.03935381884577849,
  "sample_count": 994,
  "backend": "dynamic_inverse_rmse_weighted_ensemble[primary_linear:0.20, random_forest:0.17, linear_baseline:0.17, linear_regression:0.17, gradient_boosting:0.17, naive_persistence:0.12]"
}