rank,model,mae,rmse,r2
1,lstm,1.2844376400922626,1.402466574396828,-0.005615973907794336
2,random_forest,1.2979513356383419,1.4133350633877562,-0.021262515240959345
3,gradient_boosting,1.2926650517423388,1.415500761357145,-0.02439473884039356
4,hybrid_coordinated,1.2992706912863903,1.420875360057656,-0.03218867758237254
5,linear_baseline,1.3051725115094865,1.42531359349971,-0.038647018924250265
6,linear_regression,1.3063904476357657,1.4281829781337316,-0.04283315409932764
7,naive_persistence,1.4993755524786905,2.011474817666114,-1.0685990669302048
