{
  "mae": 1.3090191578241421,
  "rmse": 1.4224674992920172,
  "mape_pct": 3.775268189977747,
  "r2": -0.03450317873177622,
  "sample_count": 994,
  "backend": "dynamic_inverse_rmse_weighted_ensemble[lstm:0.20, random_forest:0.17, linear_baseline:0.17, linear_regression:0.17, gradient_boosting:0.17, naive_persistence:0.12]"
}