{
  "mae": 1.020051123390735,
  "rmse": 1.0972812090691308,
  "mape_pct": 2.883151628831059,
  "r2": -0.03507058290476861,
  "sample_count": 994,
  "backend": "dynamic_inverse_rmse_weighted_ensemble[lstm:0.20, linear_baseline:0.17, linear_regression:0.17, random_forest:0.17, gradient_boosting:0.17, naive_persistence:0.12]"
}