{
  "mae": 1.0210197648292096,
  "rmse": 1.0974790223239161,
  "mape_pct": 2.886136904726329,
  "r2": -0.03544381291188348,
  "sample_count": 994,
  "backend": "dynamic_inverse_rmse_weighted_ensemble[lstm:0.20, linear_baseline:0.17, linear_regression:0.17, random_forest:0.17, gradient_boosting:0.17, naive_persistence:0.12]"
}