{
  "mae": 1.0261239909550073,
  "rmse": 1.0978406336278195,
  "mape_pct": 2.901840526291882,
  "r2": -0.0361262676383276,
  "sample_count": 994,
  "backend": "dynamic_inverse_rmse_weighted_ensemble[lstm:0.20, linear_baseline:0.17, linear_regression:0.17, random_forest:0.17, gradient_boosting:0.17, naive_persistence:0.12]"
}