{
  "mae": 3.2131385918354365,
  "rmse": 3.828562024899775,
  "mape_pct": 7.827057308301175,
  "r2": -0.028984660916576033,
  "sample_count": 994,
  "backend": "dynamic_inverse_rmse_weighted_ensemble[lstm:0.20, random_forest:0.17, gradient_boosting:0.17, linear_baseline:0.17, linear_regression:0.17, naive_persistence:0.12]"
}