{
  "mae": 3.217383647588657,
  "rmse": 3.8260853675780915,
  "mape_pct": 7.851823876345246,
  "r2": -0.027653812364441643,
  "sample_count": 994,
  "backend": "dynamic_inverse_rmse_weighted_ensemble[lstm:0.20, random_forest:0.17, gradient_boosting:0.17, linear_baseline:0.17, linear_regression:0.17, naive_persistence:0.12]"
}