{
  "mae": 3.2105643773222834,
  "rmse": 3.8299579693493406,
  "mape_pct": 7.812410354155458,
  "r2": -0.029735160599212884,
  "sample_count": 994,
  "backend": "dynamic_inverse_rmse_weighted_ensemble[lstm:0.20, random_forest:0.17, gradient_boosting:0.17, linear_baseline:0.17, linear_regression:0.17, naive_persistence:0.12]"
}