{
  "mae": 3.2534741261595452,
  "rmse": 3.8505049387793195,
  "mape_pct": 7.929746670968426,
  "r2": -0.04081344976874712,
  "sample_count": 994,
  "backend": "dynamic_inverse_rmse_weighted_ensemble[random_forest:0.21, gradient_boosting:0.21, linear_baseline:0.21, linear_regression:0.21, naive_persistence:0.15]"
}