rank,model,mae,rmse,r2
1,linear_baseline,0.2184925079345703,0.21849274853213274,-0.19347930540818092
2,hybrid_coordinated,0.23770523071289062,0.24039748788553594,-0.444776560233193
3,gradient_boosting,0.2468128204345703,0.26963148136830123,-0.8175318602868704
4,linear_regression,0.33295440673828125,0.33302890659411033,-1.7727116042068825
5,naive_persistence,0.4499998092651367,0.4527690884017836,-4.125005960473004
6,random_forest,0.5213375091552734,0.5228904850988609,-5.8353745226090865
7,lstm,3.467463493347168,3.46997243436864,-300.0182915285087
