{
  "mae": 0.23770523071289062,
  "rmse": 0.24039748788553594,
  "mape_pct": 0.8012041081242715,
  "r2": -0.444776560233193,
  "sample_count": 2,
  "backend": "dynamic_inverse_rmse_weighted_ensemble[naive_persistence:0.30, linear_baseline:0.21, linear_regression:0.17, gradient_boosting:0.16, random_forest:0.14, lstm:0.03]"
}