{
  "mae": 0.14271998405456543,
  "rmse": 0.1915109348270693,
  "mape_pct": 0.5116566663149796,
  "r2": 0.9953304453967481,
  "sample_count": 8,
  "backend": "balanced_inverse_rmse_weighted_ensemble[linear_regression:0.36, gradient_boosting:0.24, random_forest:0.12, knn_regressor:0.10, svr_rbf:0.09, gru:0.09]"
}