{
  "mae": 3.218650817871094e-05,
  "rmse": 4.013938046595565e-05,
  "mape_pct": 0.0001136242519253619,
  "r2": 0.9999999997948698,
  "sample_count": 8,
  "backend": "dynamic_inverse_rmse_weighted_ensemble[linear_regression:0.99, gradient_boosting:0.01, random_forest:0.00, linear_baseline:0.00, naive_persistence:0.00, lstm:0.00]"
}