rank,model,mae,rmse,r2
1,linear_regression,0.0,0.0,1.0
2,gradient_boosting,0.0004742145538330078,0.0007779255908281574,0.9999999229514585
3,hybrid_coordinated,0.09485554695129395,0.13614692185079458,0.9976400437093237
4,svr_rbf,0.2513279914855957,0.27553557895745956,0.9903340692972855
5,random_forest,0.21190547943115234,0.28565768655503576,0.9896108471684901
6,knn_regressor,0.2602684497833252,0.3163752805463904,0.9872563629962822
7,gru,1.4392478466033936,1.677982256885349,0.6415215655507666
