rank,model,mae,rmse,r2
1,linear_regression,0.0,0.0,1.0
2,gradient_boosting,0.0004742145538330078,0.0007779255908281574,0.9999999229514585
3,hybrid_coordinated,0.0969536304473877,0.12254201091761005,0.9980881302074437
4,svr_rbf,0.2513279914855957,0.27553557895745956,0.9903340692972855
5,random_forest,0.21190547943115234,0.28565768655503576,0.9896108471684901
6,knn_regressor,0.2602684497833252,0.3163752805463904,0.9872563629962822
7,gru,2.002342939376831,2.2287408914324836,0.36757727330586043
