rank,model,mae,rmse,r2
1,linear_regression,0.0,0.0,1.0
2,gradient_boosting,0.0004742145538330078,0.0007779255908281574,0.9999999229514585
3,hybrid_coordinated,0.14271998405456543,0.1915109348270693,0.9953304453967481
4,svr_rbf,0.2513279914855957,0.27553557895745956,0.9903340692972855
5,random_forest,0.21190547943115234,0.28565768655503576,0.9896108471684901
6,knn_regressor,0.2602684497833252,0.3163752805463904,0.9872563629962822
7,gru,1.3129656314849854,1.55539724091715,0.6919856471538526
