{
  "mae": 4.881693565629617,
  "rmse": 5.6802653809046,
  "mape_pct": 12.722104646815835,
  "r2": -0.032365881525244555,
  "sample_count": 994,
  "backend": "dynamic_inverse_rmse_weighted_ensemble[lstm:0.20, gradient_boosting:0.17, random_forest:0.17, linear_regression:0.17, linear_baseline:0.17, naive_persistence:0.12]"
}