{
  "mae": 4.932744711217746,
  "rmse": 5.7171709184093205,
  "mape_pct": 12.857880737350897,
  "r2": -0.0458243331874586,
  "sample_count": 994,
  "backend": "dynamic_inverse_rmse_weighted_ensemble[gradient_boosting:0.21, random_forest:0.21, linear_regression:0.21, linear_baseline:0.21, naive_persistence:0.15]"
}