{
  "mae": 4.909981265154403,
  "rmse": 5.692981175258188,
  "mape_pct": 12.801247950654023,
  "r2": -0.03699314618845384,
  "sample_count": 994,
  "backend": "dynamic_inverse_rmse_weighted_ensemble[primary_linear:0.20, gradient_boosting:0.17, random_forest:0.17, linear_regression:0.17, linear_baseline:0.17, naive_persistence:0.12]"
}