rank,model,mae,rmse,r2
1,lstm,4.740681274076342,5.594888459329577,-0.0015652686572997787
2,linear_baseline,4.875492441342391,5.654531595885388,-0.023033041863598003
3,linear_regression,4.877188665286396,5.655776589045377,-0.023483586469730255
4,random_forest,4.869809505685234,5.662186632939284,-0.025804856542760435
5,gradient_boosting,4.8797181472931825,5.670428959704241,-0.02879351561400889
6,hybrid_coordinated,4.87825069389113,5.6789312767591476,-0.03188100211524558
7,naive_persistence,6.14998630546708,7.989343633128299,-1.0422955586180667
