feature,importance
ARL,0.5404620516718464
Class_TB,0.2887879320576628
PDMRG,0.06562557968159097
ALAP,0.022243534161445467
PDMVG,0.021629357235553086
ARD,0.019596264020082906
ANPL,0.016641285434929244
Class_SB,0.01661137172149205
AWWGV,0.00418724578229843
ADWR,0.0025735925892204485
ACHP,0.0008516738431840368
Class_SA,0.0007467582666750762
Class_SC,2.82513145821539e-05
Class_TA,1.510221943696064e-05
Class_TC,0.0
